"story_id","epic","title","user_role","description","business_value","priority","story_points","dependencies","acceptance_criteria","technical_tasks","definition_of_done"
"US-INFRA-001","Cloud Infrastructure & DevOps Foundation","Provision Scalable Azure Kubernetes Service Cluster","Platform Engineer","As a Platform Engineer, I want to provision a secure and scalable Azure Kubernetes Service (AKS) cluster using Terraform, so that the microservices architecture has a resilient runtime environment that scales based on traffic load.","Establishes the core compute foundation required to host the platform, ensuring high availability (99.9% SLA) and automated scaling to handle variable user loads efficiently.","Must Have","13","[]","[{""scenario"":""Successful AKS Cluster Provisioning"",""given"":""The Terraform configuration files for AKS are valid and Azure credentials are configured"",""when"":""The Terraform apply pipeline is executed"",""then"":""An AKS cluster is created with RBAC enabled, CNI networking configured, and initial node pools active""},{""scenario"":""Cluster Auto-scaling Validation"",""given"":""The AKS cluster is running under simulated high load"",""when"":""CPU/Memory resource requests exceed current node pool capacity"",""then"":""The cluster autoscaler automatically provisions new nodes to handle the pending pods""},{""scenario"":""Security Configuration Verification"",""given"":""The cluster is provisioned"",""when"":""A security audit is performed via tfsec"",""then"":""No critical security vulnerabilities regarding network policies or access controls are reported""}]","[""Develop Terraform module for AKS with RBAC"",""Configure CNI networking and network policies"",""Implement node pool autoscaling configuration"",""Integrate Azure AD for cluster access""]","[""Terraform code applied successfully in staging environment"",""Cluster is accessible via kubectl using Azure AD credentials"",""Infrastructure code passed security scanning""]"
"US-INFRA-002","Cloud Infrastructure & DevOps Foundation","Deploy Geo-Redundant Database and Caching Layer","Platform Engineer","As a Platform Engineer, I want to deploy a geo-redundant PostgreSQL database and Redis cache using Infrastructure as Code, so that the platform meets the disaster recovery requirements of RPO < 15 minutes and ensures data persistence.","Guarantees data durability and business continuity in the event of a regional outage, satisfying critical SLA and compliance requirements.","Must Have","8","[""US-INFRA-001""]","[{""scenario"":""Primary Database Provisioning"",""given"":""Terraform templates for PostgreSQL Flexible Server are prepared"",""when"":""Infrastructure deployment executes"",""then"":""A PostgreSQL instance is created with High Availability (HA) and Geo-Redundancy enabled""},{""scenario"":""Point-in-Time Recovery Configuration"",""given"":""The database is active and processing transactions"",""when"":""A simulated data corruption event occurs"",""then"":""The system allows restoration to a point within the last 15 minutes via Azure Backup integration""},{""scenario"":""Redis Cache Cluster Deployment"",""given"":""Application requires high-speed caching"",""when"":""Terraform applies the Redis configuration"",""then"":""An Azure Cache for Redis instance is provisioned and connection strings are securely stored in Azure Key Vault""}]","[""Write Terraform for PostgreSQL Flexible Server with Geo-Redundancy"",""Configure PITR backup policies"",""Provision Azure Cache for Redis"",""Store connection secrets in Key Vault""]","[""Database accepts connections from AKS cluster"",""Geo-replication status is confirmed active"",""Secrets are accessible only to authorized services""]"
"US-OPS-001","Cloud Infrastructure & DevOps Foundation","Automate Deployment Rollback Mechanism","Operations Engineer","As an Operations Engineer, I want an automated workflow to rollback production deployments to the last known stable version, so that I can minimize system downtime and user impact in the event of a faulty release.","Critical operational capability to maintain 99.9% uptime SLA by reducing Mean Time to Recovery (MTTR) during deployment incidents.","Must Have","5","[""US-INFRA-001""]","[{""scenario"":""Triggering Manual Rollback"",""given"":""A faulty deployment has been detected in production"",""when"":""The 'Rollback' GitHub Action workflow is triggered manually"",""then"":""The pipeline identifies the previous stable container image tag and reapplies it to the AKS cluster""},{""scenario"":""Rollback Health Validation"",""given"":""The rollback deployment has finished"",""when"":""The system performs post-deployment health checks"",""then"":""The application reports a 'Healthy' status and traffic is successfully served""}]","[""Create GitHub Actions rollback workflow"",""Script logic to identify previous stable ACR tags"",""Implement kubectl/Helm commands for image updates"",""Add post-rollback health check step""]","[""Rollback workflow successfully tested in Staging"",""Documentation created for incident response team"",""Execution time is under 5 minutes""]"
"US-BE-001","Core Backend Services & API","Enforce Global Role-Based Access Control (RBAC)","Security Architect","As a Security Architect, I want to implement a global RBAC guard and custom decorators in the backend API, so that all API endpoints are strictly protected and only accessible to users with the correct role permissions (e.g., SuperAdmin, BrandAdmin).","Ensures zero-trust security compliance and protects sensitive data from unauthorized access, meeting GDPR and corporate security standards.","Must Have","5","[]","[{""scenario"":""Access Denied for Insufficient Privileges"",""given"":""A user with 'Consumer' role attempts to access a 'BrandAdmin' endpoint"",""when"":""The API request is received by the NestJS guard"",""then"":""The request is rejected with a 403 Forbidden HTTP status""},{""scenario"":""Access Granted for Valid Role"",""given"":""A user with 'SuperAdmin' role requests a protected administrative endpoint"",""when"":""The API request contains a valid JWT with the correct role claim"",""then"":""The request is allowed to proceed to the controller""},{""scenario"":""JWT Validation"",""given"":""An API request arrives with an expired or invalid JWT"",""when"":""The authentication strategy processes the token"",""then"":""The request is rejected with a 401 Unauthorized status""}]","[""Implement NestJS Roles Guard"",""Create custom @Roles() decorator"",""Configure Passport-JWT strategy for Azure AD B2C"",""Write unit tests for guard logic""]","[""All API endpoints protected by default"",""Unit tests achieve 100% coverage for security guards"",""Integration test verifies role enforcement""]"
"US-BE-004","Core Backend Services & API","Enable Real-Time Technician Location Tracking","Consumer","As a Consumer waiting for service, I want to receive real-time updates of the technician's location via a secure WebSocket connection, so that I can track their arrival and reduce uncertainty about the appointment time.","Significantly improves customer satisfaction (CSAT) by providing transparency and reducing support calls regarding technician ETA.","Should Have","13","[""US-BE-001""]","[{""scenario"":""Technician Broadcasts Location"",""given"":""A technician is in 'Travel Mode' and their device sends GPS coordinates"",""when"":""The WebSocket gateway receives the location update"",""then"":""The update is broadcast to the specific room associated with the Service Request ID""},{""scenario"":""User Receives Location Update"",""given"":""A consumer is viewing the service request map screen"",""when"":""A new location payload is broadcast"",""then"":""The client receives the update with a latency of less than 2 seconds""},{""scenario"":""Secure Connection Handshake"",""given"":""A client attempts to connect to the tracking WebSocket"",""when"":""The connection handshake occurs"",""then"":""The system validates the JWT and ensures the user is authorized to view this specific service request""}]","[""Set up NestJS WebSocket Gateway"",""Implement Redis Adapter for scaling"",""Implement JWT authentication for socket handshake"",""Create room management logic based on Ticket ID""]","[""Load testing confirms support for concurrent connections"",""Latency requirements (<2s) met in staging"",""Security validation ensures data isolation per ticket""]"
"US-BE-005","Core Backend Services & API","Automate Service Request Routing","Service Center Manager","As a Service Center Manager, I want the system to automatically route new service requests to the correct Service Center based on the brand and customer location, so that dispatching is efficient and manual assignment overhead is eliminated.","Optimizes operational efficiency and reduces response times by automating the complex logic of matching customers to the correct service provider.","Must Have","8","[]","[{""scenario"":""Geospatial Routing Match"",""given"":""A new service request is created with specific coordinates"",""when"":""The routing algorithm executes"",""then"":""The request is assigned to a Service Center whose defined polygon contains the coordinates and is authorized for the product brand""},{""scenario"":""Load Balancing Assignment"",""given"":""Multiple Service Centers cover the same location and brand"",""when"":""A request needs assignment"",""then"":""The system applies a round-robin algorithm to distribute the request fairly""},{""scenario"":""No Coverage Fallback"",""given"":""A request location falls outside all service center polygons"",""when"":""The routing algorithm executes"",""then"":""The request is flagged for manual review by a Super Admin""}]","[""Implement PostGIS spatial queries (ST_Contains)"",""Develop round-robin distribution logic"",""Create fallback exception handling"",""Write performance tests for geospatial queries""]","[""Routing logic correctly handles complex polygons"",""Round-robin distribution verified via simulation"",""Geospatial query performance meets latency targets""]"
"US-WEB-001","Admin & Web Portals","Access Responsive Admin Dashboard","Admin User","As an Admin User (Super/Brand/Service Center), I want to access a responsive web dashboard that adapts to desktop, tablet, and mobile screens, so that I can manage platform operations effectively from any device.","Ensures platform accessibility and usability for field supervisors and admins who may need to access the system while away from a desk.","High","5","[]","[{""scenario"":""Mobile View Navigation"",""given"":""The dashboard is accessed on a mobile device (viewport width < 768px)"",""when"":""The page loads"",""then"":""The sidebar navigation collapses into a hamburger menu and the layout stacks vertically""},{""scenario"":""Accessibility Compliance"",""given"":""A user accesses the dashboard using assistive technology"",""when"":""An accessibility audit is run"",""then"":""The layout structure passes WCAG 2.1 Level AA requirements (contrast, semantic HTML, keyboard navigation)""}]","[""Implement responsive layout using Tailwind CSS grid/flex"",""Create collapsible sidebar component"",""Ensure semantic HTML structure"",""Run Lighthouse accessibility audits""]","[""Responsive behavior verified on all breakpoints"",""Lighthouse score > 90"",""Verified on Chrome, Firefox, and Safari""]"
"US-WEB-002","Admin & Web Portals","Define Service Areas via Map Interface","Super Admin","As a Super Admin, I want to define service areas by drawing polygons on an interactive map, so that I can precisely control the geographic coverage for each Service Center.","Provides the necessary data for the automated routing engine, ensuring service requests are directed to the correct providers based on precise geographic boundaries.","Must Have","8","[""US-WEB-001""]","[{""scenario"":""Drawing a Service Area"",""given"":""The admin is on the Service Center configuration page"",""when"":""They use the map drawing tool to create a closed polygon"",""then"":""The polygon geometry is captured and valid GeoJSON is generated""},{""scenario"":""Saving Geofence Data"",""given"":""A valid polygon has been drawn on the map"",""when"":""The admin saves the configuration"",""then"":""The GeoJSON data is successfully transmitted to the API and stored in the database""}]","[""Integrate Mapbox GL JS library"",""Implement drawing controls for polygons"",""Add validation for closed loops/geometry"",""Implement API submission of GeoJSON""]","[""Map interface allows drawing and editing polygons"",""GeoJSON is correctly validated and stored"",""UI interaction is smooth (60fps)""]"
"US-MOB-001","Mobile Applications","Queue Requests When Offline","Technician","As a Technician working in areas with poor connectivity, I want my actions (like completing a job) to be queued locally and synced automatically when back online, so that I can continue working without interruption.","Crucial for field operations reliability, preventing data loss and ensuring technicians can complete workflows regardless of network conditions.","Must Have","13","[]","[{""scenario"":""Offline Action Queuing"",""given"":""The mobile device has no internet connection"",""when"":""The technician marks a job as 'Resolved'"",""then"":""The action is saved locally to the queue and the UI reflects a 'Pending Sync' state""},{""scenario"":""Automatic Synchronization"",""given"":""There are actions in the offline queue"",""when"":""Network connectivity is restored"",""then"":""The app automatically processes the queue, sends requests to the server, and updates the local data state""}]","[""Implement Network Status monitoring hook"",""Set up local storage (WatermelonDB/AsyncStorage) for queue"",""Create queue processor with retry logic"",""Implement conflict resolution strategy""]","[""Queue persists across app restarts"",""Sync occurs automatically on reconnect"",""Unit tests cover offline/online transitions""]"
"US-MOB-002","Mobile Applications","Auto-Fill Product Details via OCR","Consumer","As a Consumer registering a product, I want to take a photo of my invoice and have the system automatically extract the purchase details, so that I can register products quickly without manual data entry.","Reduces friction in the user onboarding process, leading to higher product registration rates and better data accuracy.","Should Have","5","[]","[{""scenario"":""Invoice Capture and Extraction"",""given"":""The user is on the product registration screen"",""when"":""They take a photo of a printed invoice"",""then"":""The image is uploaded, processed by OCR, and fields like Date, Model, and Price are pre-filled in the form""},{""scenario"":""Manual Override"",""given"":""OCR has populated the form fields"",""when"":""The user notices an error in the extracted text"",""then"":""The user can manually edit the pre-filled fields before submission""}]","[""Implement React Native camera interface"",""Integrate Azure Blob Storage upload"",""Connect to Azure AI Document Intelligence API"",""Map OCR response to form fields""]","[""Camera captures and uploads image"",""OCR results correctly populate form"",""Works on both iOS and Android devices""]"